{"(' LL_pre', 'p-values')":{"Intercept":0.0,"age":0.34273,"smoker":0.79707,"bmi":0.65623,"asa":0.61091,"postoperative_comp":0.50097,"num_levels":0.0001},"(' LL_pre', 'coefficients')":{"Intercept":63.1763749449,"age":-0.1198215989,"smoker":0.6021654003,"bmi":-0.093814439,"asa":-1.2769988773,"postoperative_comp":-2.6922833315,"num_levels":-4.9235683912},"(' LL_pre', 'Odds Ratio')":{"Intercept":2.736220077e+27,"age":0.8870786784,"smoker":1.826068692,"bmi":0.9104516909,"asa":0.2788729779,"postoperative_comp":0.0677261215,"num_levels":0.0072731311},"('LL_post', 'p-values')":{"Intercept":0.0,"age":0.17749,"smoker":0.10283,"bmi":0.78299,"asa":0.03777,"postoperative_comp":0.7462,"num_levels":0.00021},"('LL_post', 'coefficients')":{"Intercept":55.6224858493,"age":0.1345380584,"smoker":-3.2587957038,"bmi":-0.0491272412,"asa":-4.4201466404,"postoperative_comp":1.1122511093,"num_levels":-4.0012689334},"('LL_post', 'Odds Ratio')":{"Intercept":1.433965406e+24,"age":1.1440081972,"smoker":0.0384346569,"bmi":0.9520599807,"asa":0.0120324677,"postoperative_comp":3.0411967608,"num_levels":0.0182924123},"('LL_final', 'p-values')":{"Intercept":0.0,"age":0.38276,"smoker":0.16497,"bmi":0.19154,"asa":0.00382,"postoperative_comp":0.157,"num_levels":0.0001},"('LL_final', 'coefficients')":{"Intercept":70.768434903,"age":0.0978841952,"smoker":-3.138598216,"bmi":-0.2626525201,"asa":-6.9708765464,"postoperative_comp":5.541656327,"num_levels":-4.7633348707},"('LL_final', 'Odds Ratio')":{"Intercept":5.42426341e+30,"age":1.1028350642,"smoker":0.0433435136,"bmi":0.7690090661,"asa":0.0009388296,"postoperative_comp":255.1001790367,"num_levels":0.0085370918}}